feature,coef
gd_per_g_diff,0.7734683645839618
points_pct_diff,0.640692449788265
intercept,0.11480620542745346
3in4_diff,7.461925399758181e-05
pp_pct_diff,0.0
sa_per_g_diff,0.0
sf_per_g_diff,0.0
pk_pct_diff,0.0
4in6_diff,-0.0644711411877107
l10_points_pct_diff,-0.09664880814079858
rest_days_diff,-0.1016454171279155
b2b_diff,-0.1647074640970577
l10_gd_per_g_diff,-0.4631008937607051
