feature,coef
points_pct_diff,0.6789411920623472
gd_per_g_diff,0.6110974675039613
intercept,0.1378337486938543
rest_days_diff,0.08557444238063068
3in4_diff,0.007445024987358909
sa_per_g_diff,0.0
sf_per_g_diff,0.0
pp_pct_diff,0.0
pk_pct_diff,0.0
l10_points_pct_diff,-0.0003476240247507194
4in6_diff,-0.04074125828617715
b2b_diff,-0.11138798451316581
l10_gd_per_g_diff,-0.3745403978491801
