feature,coef
points_pct_diff,0.6728761387049402
gd_per_g_diff,0.6095512107013479
intercept,0.11537994642591055
rest_days_diff,0.09317246679459001
pp_pct_diff,0.0
sa_per_g_diff,0.0
pk_pct_diff,0.0
sf_per_g_diff,0.0
l10_points_pct_diff,-0.0033764136801949854
3in4_diff,-0.014319618334373762
4in6_diff,-0.037033389781171086
b2b_diff,-0.0863904877683503
l10_gd_per_g_diff,-0.35300461493595825
