feature,coef
points_pct_diff,0.6785274023211509
gd_per_g_diff,0.6111917447575738
intercept,0.1377267558663346
rest_days_diff,0.08557439558882889
3in4_diff,0.007445026728848186
sa_per_g_diff,0.0
sf_per_g_diff,0.0
pp_pct_diff,0.0
pk_pct_diff,0.0
l10_points_pct_diff,-0.00028776513428411437
4in6_diff,-0.040749694303063744
b2b_diff,-0.1114044615991686
l10_gd_per_g_diff,-0.3746018202162713
