feature,coef
points_pct_diff,0.6747012149003903
gd_per_g_diff,0.607953155307345
intercept,0.14277259294123834
rest_days_diff,0.08526314361765557
3in4_diff,0.007882200600814512
l10_points_pct_diff,0.0003246934931871848
pp_pct_diff,0.0
sa_per_g_diff,0.0
pk_pct_diff,0.0
sf_per_g_diff,0.0
4in6_diff,-0.041180606535713406
b2b_diff,-0.11100475271867083
l10_gd_per_g_diff,-0.367978855516499
