feature,coef
points_pct_diff,0.6583044000447058
gd_per_g_diff,0.6173429699743417
intercept,0.1263600166209706
rest_days_diff,0.08620460735130349
l10_points_pct_diff,0.018789598548047935
sa_per_g_diff,0.0
pp_pct_diff,0.0
sf_per_g_diff,0.0
pk_pct_diff,0.0
3in4_diff,-0.005506310661501945
4in6_diff,-0.036394116996843376
b2b_diff,-0.11144232042000886
l10_gd_per_g_diff,-0.35958990418898124
