feature,coef
points_pct_diff,0.6716419896120428
gd_per_g_diff,0.6028139352001184
intercept,0.1388866756435962
rest_days_diff,0.08484638095684759
3in4_diff,0.004436931137251222
sa_per_g_diff,0.0
sf_per_g_diff,0.0
pp_pct_diff,0.0
pk_pct_diff,0.0
l10_points_pct_diff,-0.00032449470703675373
4in6_diff,-0.04008087453750882
b2b_diff,-0.11044601523360195
l10_gd_per_g_diff,-0.36557534816148196
