feature,coef
gd_per_g_diff,0.7981722513999049
points_pct_diff,0.6441608104584374
intercept,0.02333252699235628
3in4_diff,0.0013283337735928967
pp_pct_diff,0.0
pk_pct_diff,0.0
sf_per_g_diff,0.0
sa_per_g_diff,0.0
4in6_diff,-0.06570275577966989
l10_points_pct_diff,-0.08933243371541157
rest_days_diff,-0.10649487240513132
b2b_diff,-0.1695642588200724
l10_gd_per_g_diff,-0.4850538971973646
