feature,coef
points_pct_diff,0.6888777233815524
gd_per_g_diff,0.6025221002063332
intercept,0.14624837588294468
rest_days_diff,0.08610882633379828
l10_points_pct_diff,0.00332395632568738
sa_per_g_diff,0.0
pp_pct_diff,0.0
sf_per_g_diff,0.0
pk_pct_diff,0.0
3in4_diff,-0.0038942523246164426
4in6_diff,-0.03913477960128213
b2b_diff,-0.098967799400693
l10_gd_per_g_diff,-0.3607596764163387
